track,all_days,all_bets,all_pnl,all_max_dd,all_worst20,pre_days,pre_bets,pre_pnl,pre_max_dd,pre_worst20,post_days,post_bets,post_pnl,post_max_dd,post_worst20,survived_post,pre_positive,post_vs_pre
Romford,1113.0,19212,1093.0852601961933,-247.81455317235728,-192.54648971956408,189.0,3818,30.068324615411,-247.81455317235728,-192.54648971956408,924.0,15394,1063.0169355807825,-185.19929972,-154.81819191,1,1,1032.9486109653715
Towcester,1063.0,14127,1144.3983055421786,-341.33048748,-111.82963659000006,151.0,2325,254.9121840781214,-92.94322216775655,-91.30410892828488,912.0,11802,889.4861214640572,-341.33048748,-111.82963659000006,1,1,634.5739373859358
Yarmouth,681.0,9658,581.4987742213443,-217.04462122659794,-133.64588267717238,108.0,1665,-47.058016933444776,-145.9053342883114,-127.94443985654796,573.0,7993,628.5567911547892,-217.04462122659788,-133.64588267717235,1,0,675.614808088234
Richmond (AUS),801.0,12603,261.2336367773762,-466.4233657900003,-154.62733697829535,97.0,1598,-269.2409482927667,-285.05295846209646,-154.62733697829535,704.0,11005,530.474585070143,-466.4233657899999,-140.10219969000002,1,0,799.7155333629097
Hove,1899.0,28985,894.5698295872853,-431.82932272335034,-199.5126540647451,975.0,15811,514.4306977520336,-412.0666577037003,-133.80377589207401,924.0,13174,380.1391318352519,-259.77235892405747,-199.51265406474513,1,1,-134.29156591678168
Casino (AUS),304.0,5093,237.65963545336132,-147.4125684,-98.08317393969004,25.0,439,-104.88701080500567,-112.38701080500567,-98.08317393969004,279.0,4654,342.54664625836693,-147.41256840000005,-92.19284700000003,1,0,447.4336570633726
Angle Park (AUS),669.0,8235,395.52488017975475,-224.88432384000015,-142.10320168000004,52.0,702,70.68206717635425,-41.069708578883414,-5.657728768313184,617.0,7533,324.8428130034006,-224.88432384000006,-142.10320168,1,1,254.16074582704633
Suffolk Downs,420.0,5390,310.42921485441775,-162.45091642603956,-98.1862254,,0,,,,420.0,5390,310.42921485441775,-162.45091642603956,-98.1862254,1,0,310.42921485441775
Geelong (AUS),499.0,8772,110.39799927472299,-311.29188754999996,-194.7824381721474,59.0,1003,-191.26930650326827,-249.66406381874674,-138.99727359221654,440.0,7769,301.6673057779914,-311.29188755,-194.78243817214738,1,0,492.9366122812596
Townsville (AUS),428.0,7512,455.3358386170281,-220.47873540303297,-162.98218061999995,55.0,915,194.67651658006102,-109.17531450082272,-109.17531450082272,373.0,6597,260.65932203696696,-211.43224369999996,-162.98218061999995,1,1,65.98280545690594
Temora (AUS),205.0,3315,246.54933779977102,-141.6924364900001,-80.32567666000003,19.0,259,-12.008064025194553,-33.52248689439294,-12.008064025194553,186.0,3056,258.5574018249656,-141.6924364900001,-80.32567666000003,1,0,270.56546585016014
Sale (AUS),581.0,10064,592.6899455012026,-194.62920765450758,-147.26602778999995,316.0,5405,334.31821794246173,-194.62920765450758,-110.67793634570344,265.0,4659,258.3717275587409,-174.64851437000004,-147.26602779,1,1,-75.94649038372086
Manawatu (NZL),338.0,4696,326.49444061231065,-145.49234081000003,-102.50532282,41.0,657,77.38603849617718,-62.41090204705513,-3.762142492373357,297.0,4039,249.10840211613348,-145.49234081000006,-102.50532282000003,1,1,171.7223636199563
Gosford (AUS),253.0,3886,324.57211887112004,-168.67402849999996,-100.75105782999998,32.0,498,91.42731263626804,-51.932236592035125,48.073037252175595,221.0,3388,233.14480623485196,-168.6740285,-100.75105783000001,1,1,141.71749359858393
Taree (AUS),176.0,2704,214.36392445426492,-106.29120133198049,-83.85479123275411,14.0,265,-11.904516135225437,-32.97235963746149,-11.904516135225437,162.0,2439,226.26844058949035,-106.29120133198049,-83.8547912327541,1,0,238.1729567247158
Swindon,964.0,13859,349.8154371480028,-455.03505702135175,-155.0065333327831,184.0,2845,129.3572551572906,-202.83740432560398,-155.0065333327831,780.0,11014,220.45818199071215,-382.05771379933975,-121.08177641769458,1,1,91.10092683342154
The Gardens (AUS),472.0,8522,144.5621316980773,-240.74265429,-136.7999106,53.0,943,-66.85379480660251,-171.34583478296577,-119.31809043317597,419.0,7579,211.4159265046798,-240.74265429000005,-136.79991059999998,1,0,278.2697213112823
Wentworth Park (AUS),406.0,5915,211.0069981070024,-241.73051456983308,-131.19833406099184,27.0,429,16.586149256999967,-77.21678885943402,15.338567714957273,379.0,5486,194.42084885000247,-241.73051456983308,-131.19833406099184,1,1,177.8346995930025
Ascot Park (NZL),221.0,3175,174.76178106788421,-115.97971912,-109.32503309,23.0,298,5.823314074434359,-71.87177111346045,-22.751200508495174,198.0,2877,168.93846699344982,-115.97971912,-109.32503309,1,1,163.11515291901546
Gawler (AUS),417.0,5486,149.9581730460917,-354.53214693999996,-171.53812738999994,58.0,833,-1.3330648599142947,-115.26984339466124,-90.61213215801564,359.0,4653,151.29123790600602,-354.53214693999996,-171.53812738999994,1,0,152.6243027659203
Q1 Lakeside (AUS),77.0,1444,147.13224672,-143.27190707,-121.07184759,,0,,,,77.0,1444,147.13224672,-143.27190707,-121.07184759,1,0,147.13224672
Dubbo (AUS),240.0,3732,128.75635160584181,-180.90145131,-141.58705676,24.0,336,0.3825416387349456,-45.33340222769999,-1.1960060797599041,216.0,3396,128.3738099671068,-180.90145131,-141.58705676,1,1,127.99126832837186
Hobart (AUS),295.0,3947,78.17152653765459,-252.9232359275371,-107.77827258962404,25.0,360,-38.94359185033238,-102.60633916388949,-80.24386933007276,270.0,3587,117.11511838798693,-252.92323592753718,-107.77827258962404,1,0,156.0587102383193
Muswellbrook (AUS),122.0,1341,115.17304813999998,-77.29555292999999,-66.04270465,,0,,,,122.0,1341,115.17304813999998,-77.29555292999999,-66.04270465,1,0,115.17304813999998
Harlow,816.0,14985,268.1820537764128,-632.3110695599994,-153.25430489000007,170.0,2608,155.78539533986142,-135.12448870106454,-113.99725796040772,646.0,12377,112.39665843655155,-632.3110695599996,-153.25430489000001,1,1,-43.388736903309876
Sandown Park (AUS),414.0,7038,94.26694142240254,-214.6780835303603,-132.146632548033,47.0,864,-14.62026257688682,-89.99826689090696,-77.25297804070841,367.0,6174,108.88720399928945,-214.67808353036037,-132.146632548033,1,0,123.50746657617627
Goulburn (AUS),237.0,3435,138.44797960824684,-156.88046515919956,-125.01600254704721,28.0,404,34.30126561263959,-56.86446261215236,6.475388124926543,209.0,3031,104.14671399560723,-125.97247866304721,-125.01600254704721,1,1,69.84544838296765
Shelbourne Park,38.0,543,140.308092227275,-40.318225355347536,21.915027763069766,8.0,136,41.97337570048998,-17.0,41.97337570048998,30.0,407,98.334716526785,-40.318225355347536,55.837574960771406,1,1,56.36134082629502
Pelaw Grange,177.0,2192,79.36635148169883,-142.97132718,-83.27453024,36.0,527,-13.496406777582088,-84.0,-56.62888472058802,141.0,1665,92.86275825928092,-142.97132718,-83.27453024,1,0,106.359165036863
Cranbourne (AUS),59.0,1040,171.43772151748888,-72.77675553069362,-50.27675553069362,56.0,999,104.26635985517458,-72.77675553069362,-50.27675553069362,3.0,41,67.1713616623143,0.0,67.1713616623143,1,1,-37.09499819286029
Darwin (AUS),314.0,3500,48.749805124956175,-238.28423950000004,-121.31089731,35.0,465,-6.61202690180362,-47.54311950966182,-47.54311950966182,279.0,3035,55.3618320267598,-238.28423950000004,-121.31089731,1,0,61.973858928563416
Mullingar,125.0,1827,66.11396365860249,-118.09798029100259,-109.12740467987335,20.0,300,13.75533821041406,-37.357832871274255,13.755338210414056,105.0,1527,52.35862544818844,-104.1617153817097,-74.9121328,1,1,38.60328723777438
Star Pelaw,76.0,709,49.79067744999999,-95.11585211,-70.85651955,,0,,,,76.0,709,49.79067744999999,-95.11585211,-70.85651955,1,0,49.79067744999999
Bathurst (AUS),67.0,1032,96.10533274561409,-83.4143856650004,-83.4143856650004,24.0,371,54.056588870592265,-39.2609274955465,19.849658562771815,43.0,661,42.048743875021835,-83.41438566500041,-83.41438566500041,1,1,-12.00784499557043
Manukau (NZL),238.0,3753,-29.067735714901033,-201.78391797,-110.1268168908872,21.0,274,-69.24287812617888,-75.75069999728282,-75.24287812617888,217.0,3479,40.17514241127779,-201.78391797,-110.12681689088717,1,0,109.41802053745667
Warrnambool (AUS),408.0,7343,-13.965312512547158,-231.57881338202506,-128.77771437,46.0,810,-50.420673419762025,-61.32911274304351,-54.524590248900296,362.0,6533,36.45536090721484,-231.57881338202503,-128.77771436999998,1,0,86.87603432697686
Wagga (AUS),221.0,3678,64.08214519630235,-157.33112438000003,-130.1223354,19.0,347,38.109405918086836,-91.17715663757743,38.109405918086836,202.0,3331,25.972739278215556,-157.33112438,-130.1223354,1,1,-12.13666663987128
Nowra (AUS),200.0,2812,43.80081380627698,-282.34414061999996,-124.9787096,24.0,322,25.21339458209147,-26.183654688042644,-3.3132522376055746,176.0,2490,18.58741922418548,-282.34414061999996,-124.9787096,1,1,-6.62597535790599
Gunnedah (AUS),229.0,3702,78.31675977380385,-208.6699543134754,-140.93440918597514,20.0,323,63.56848265021311,-46.5,63.56848265021313,209.0,3379,14.748277123590753,-208.6699543134754,-140.93440918597514,1,1,-48.82020552662236
Ballarat (AUS),562.0,9718,-116.9388024270342,-601.0258918945478,-169.31191801478184,64.0,1099,-118.0797272194767,-150.73257566637966,-85.3864451217599,498.0,8619,1.140924792442405,-523.2312258534914,-169.31191801478184,1,0,119.2206520119191
Sheff,616.0,10792,-451.98237586138316,-770.8214414155566,-184.38176211284696,615.0,10791,-450.98237586138316,-770.8214414155566,-184.38176211284696,1.0,1,-1.0,0.0,-1.0,0,0,449.98237586138316
Henlow,387.0,5779,105.55366994262603,-225.92782148903947,-115.68801853527845,186.0,2923,112.41871794820851,-132.08469288536338,-102.63095261221488,201.0,2856,-6.86504800558248,-225.92782148903953,-115.68801853527847,0,1,-119.28376595379099
Hatrick (NZL),166.0,2713,32.51862983938025,-182.59050393000004,-120.20193665000001,16.0,344,58.75357800938032,-48.5,58.75357800938032,150.0,2369,-26.234948170000024,-182.59050393000004,-120.20193665000001,0,1,-84.98852617938034
Rockhampton (AUS),279.0,4504,-141.95688436143854,-324.7632487110012,-152.54534686766777,27.0,509,-107.46580155758367,-143.87795703714636,-143.87795703714636,252.0,3995,-34.49108280385484,-232.45931316999997,-139.96390467,0,0,72.97471875372884
Bendigo (AUS),474.0,8545,-123.53789702212757,-446.62539843000013,-167.83382253000002,58.0,1066,-86.03711046519453,-160.82394929678344,-72.15088011408442,416.0,7479,-37.50078655693295,-446.62539843,-167.83382253,0,0,48.53632390826158
Bundaberg (AUS),118.0,1798,-54.921581878667624,-115.07803457705012,-75.57805482917894,23.0,357,-14.94988663161751,-34.453405193935545,-31.814105624751214,95.0,1441,-39.9716952470501,-115.0780345770501,-75.57805482917892,0,0,-25.02180861543259
Newcastle,1122.0,16591,-484.8723875709852,-833.2954354909853,-159.35271517063663,192.0,3162,-430.1610120009581,-474.4427286910772,-159.35271517063663,930.0,13429,-54.711375570027144,-400.13442349002725,-136.3584559550548,0,0,375.449636430931
Kinsley,813.0,10725,-100.80508527188724,-340.31239073000006,-133.52483152000002,118.0,1677,-44.4292630892431,-140.63873235602753,-124.80834108574163,695.0,9048,-56.37582218264416,-340.31239072999995,-133.52483152,0,0,-11.946559093401056
Maitland (AUS),209.0,2524,-33.12474814725435,-148.6268416607872,-102.26290929000001,24.0,261,45.53447615138353,-19.0,34.29155699738353,185.0,2263,-78.6592242986379,-145.09247415,-102.26290929,0,1,-124.19370045002142
Cambridge (NZL),264.0,3511,7.976853593126947,-287.21062440857133,-100.26817069,33.0,482,88.93940982769824,-57.840731549491196,-11.2684896313379,231.0,3029,-80.96255623457132,-260.01500435054663,-100.26817068999998,0,1,-169.90196606226957
Central Park,957.0,13576,-305.9955234168893,-573.249414266631,-192.64926682000004,200.0,3118,-192.03714396918804,-299.17532483535484,-135.84423466999996,757.0,10458,-113.95837944770116,-420.1554517575806,-192.64926681999998,0,0,78.07876452148687
Sheffield,887.0,13440,-364.7575773587955,-727.6506515912158,-117.64023235999997,153.0,2707,-241.17253069958275,-264.3176320800463,-96.41194804323389,734.0,10733,-123.58504665921282,-512.460698949421,-117.64023236,0,0,117.58748404036993
Bulli (AUS),205.0,2639,-87.48775283770982,-218.06022926996366,-88.77512788,27.0,319,40.741825610850896,-51.714110601754655,-3.103268017904867,178.0,2320,-128.22957844856074,-218.06022926996366,-88.77512788,0,1,-168.97140405941164
The Meadows (AUS),422.0,7312,-205.6890621053575,-373.55503658000003,-136.2998899995157,48.0,798,-75.93467116679588,-151.80504608721725,-136.2998899995157,374.0,6514,-129.7543909385616,-373.55503658,-118.38439469000001,0,0,-53.81971977176573
Horsham (AUS),284.0,4434,-97.46757116983997,-248.23247453891253,-104.17509962,30.0,463,38.30852111230243,-46.585272030679036,22.47676325765567,254.0,3971,-135.77609228214243,-248.2324745389126,-104.17509962,0,1,-174.08461339444486
Doncaster,938.0,13437,-255.66440184301896,-382.69377032639017,-196.60141895585764,153.0,2561,-117.9306887060833,-237.15782505079815,-112.60166101136588,785.0,10876,-137.7337131369357,-276.7409824643844,-196.60141895585767,0,0,-19.803024430852403
Valley,239.0,2855,-139.55772508,-226.52728352,-150.95604092000002,,0,,,,239.0,2855,-139.55772508,-226.52728352,-150.95604092000002,0,0,-139.55772508
Grafton (AUS),304.0,4730,2.8090646235080428,-181.01846634247494,-118.84273553,31.0,551,142.833442337503,-29.45239012454752,85.52538503085592,273.0,4179,-140.0243777139949,-181.0184663424749,-118.84273553,0,1,-282.8578200514979
Dapto (AUS),211.0,3359,-307.2260746791407,-402.13989312914083,-174.08147204415354,29.0,420,-151.94190185157817,-181.94190185157817,-134.8487636501233,182.0,2939,-155.2841728275625,-238.1979912775625,-174.0814720441535,0,0,-3.34227097598432
Addington (NZL),739.0,14723,-348.7664326446082,-641.5282149103555,-152.50186357999993,88.0,1663,-187.26268822777268,-250.20205428125107,-128.31716898219057,651.0,13060,-161.5037444168355,-490.36759085180796,-152.50186358,0,0,25.758943810937183
Ipswich (AUS),716.0,12728,-165.60328681422118,-528.3314828801103,-158.20342384999998,74.0,1238,11.708833741197141,-127.95787821147172,-127.95787821147172,642.0,11490,-177.31212055541837,-528.3314828801105,-158.20342384999998,0,1,-189.0209542966155
Nottingham,878.0,13000,-335.7717498459036,-705.6400952745435,-191.06772757926262,146.0,2214,-154.1783846994055,-260.07200324079565,-131.96525732224393,732.0,10786,-181.59336514649806,-497.4960818753578,-191.0677275792626,0,0,-27.414980447092546
Healesville (AUS),587.0,8615,-272.9710433563396,-425.1622704899999,-150.17950767,79.0,1100,-79.91025796906439,-122.41611598580573,-90.35132957591047,508.0,7515,-193.0607853872752,-425.16227048999986,-150.17950767,0,0,-113.1505274182108
Northam (AUS),151.0,2636,-204.12927557226521,-307.45231063000006,-149.26657692,,0,,,,151.0,2636,-204.12927557226521,-307.45231063000006,-149.26657692,0,0,-204.12927557226521
Warragul (AUS),521.0,9491,-357.1286027177184,-427.00495254294873,-186.71907287115755,66.0,1256,-116.84959158830341,-234.633567779781,-186.71907287115755,455.0,8235,-240.27901112941495,-362.2724610800001,-124.41344026000002,0,0,-123.42941954111154
Cannington (AUS),608.0,11450,-406.67501111383547,-813.0124181812866,-158.11604577242778,83.0,1536,-154.2743465567545,-219.93117860420597,-125.83968498595122,525.0,9914,-252.40066455708097,-579.3058094559002,-158.1160457724277,0,0,-98.12631800032648
Capalaba (AUS),302.0,4238,-309.3172544613557,-373.3674408115165,-141.9344480187058,35.0,529,-52.39731841481916,-70.02842460961766,-34.901534319076326,267.0,3709,-256.9199360465365,-373.3674408115164,-141.93444801870578,0,0,-204.52261763171737
Broken Hill (AUS),76.0,1151,-282.43451515000004,-366.34234799999996,-197.21808846,,0,,,,76.0,1151,-282.43451515000004,-366.34234799999996,-197.21808846,0,0,-282.43451515000004
Crayford,951.0,13729,-273.63275072318464,-733.5491284718532,-159.71233865944532,191.0,3244,14.308895299187398,-242.14484804779332,-146.30520961235823,760.0,10485,-287.9416460223721,-733.5491284718534,-159.71233865944532,0,1,-302.25054132155947
Traralgon (AUS),310.0,5520,-307.46984175250725,-362.2900110297585,-131.77241926132024,,0,,,,310.0,5520,-307.46984175250725,-362.2900110297585,-131.77241926132024,0,0,-307.46984175250725
Murray Bridge (AUS),417.0,4877,-459.02890072895764,-564.4657575689578,-151.08325609000002,55.0,655,-97.85558607220705,-107.35558607220705,-64.52784394486453,362.0,4222,-361.17331465675056,-546.2912571547818,-151.08325609000002,0,0,-263.3177285845435
Mount Gambier (AUS),427.0,6423,-456.96152862843303,-686.1308871516462,-173.6071755526326,49.0,614,-47.746549298977044,-105.65796726159869,-77.56612801046431,378.0,5809,-409.214979329456,-686.1308871516461,-173.6071755526326,0,0,-361.468430030479
Launceston (AUS),307.0,4628,-369.23713500888766,-509.526762867225,-166.80416096,24.0,375,61.37992604652823,-39.725772625629915,25.991384383662776,283.0,4253,-430.61706105541595,-509.52676286722476,-166.80416096,0,1,-491.99698710194417
Perry Barr,888.0,12129,14.617115663349722,-461.17110506673095,-157.93706178999997,153.0,2296,455.79775979355827,-67.71276689122169,-36.705980888803026,735.0,9833,-441.18064413020863,-461.171105066731,-157.93706179000003,0,1,-896.9784039237669
Shepparton (AUS),524.0,9262,-530.322931729035,-670.1005903007206,-168.22740287999994,64.0,1029,-84.59604815990457,-116.92961247116341,-85.11329306885511,460.0,8233,-445.7268835691304,-651.9363827367937,-168.22740288,0,0,-361.1308354092258
Monmore,1255.0,19986,-288.33030391465593,-830.17719835,-180.48142538999997,231.0,3730,191.97649421100087,-114.92014003977457,-90.26192628995997,1024.0,16256,-480.3067981256567,-830.1771983499998,-180.48142539,0,1,-672.2832923366576
Oxford,626.0,7488,-558.8351670866654,-612.0205968566656,-130.0497957,,0,,,,626.0,7488,-558.8351670866654,-612.0205968566656,-130.0497957,0,0,-558.8351670866654
Albion Park (AUS),757.0,12522,-561.4112109262568,-849.9664695959245,-163.66025924000007,97.0,1637,45.67003891117899,-161.02958812260997,-114.7184010586302,660.0,10885,-607.0812498374357,-705.5313903501888,-163.66025924000013,0,1,-652.7512887486147
Mandurah (AUS),643.0,11153,-996.8568963493206,-1042.509613185439,-155.82611405,85.0,1565,-116.53220688706419,-171.7394653095193,-120.69715224520576,558.0,9588,-880.3246894622564,-995.9889308998361,-155.82611405,0,0,-763.7924825751923
Sunderland,921.0,13875,-579.1121610450946,-1000.5966161375203,-179.1234849635707,152.0,2509,319.31681204676704,-179.1234849635707,-179.1234849635707,769.0,11366,-898.4289730918617,-1000.5966161375206,-148.63145204727186,0,1,-1217.745785138629
Harl,748.0,10133,1136.1060404876948,-195.16825878100923,-151.72474040451925,748.0,10133,1136.1060404876948,-195.16825878100923,-151.72474040451925,,0,,,,0,1,-1136.1060404876948
Crayfd,675.0,14064,1048.6142567703846,-244.12003285538208,-130.4537803332322,675.0,14064,1048.6142567703846,-244.12003285538208,-130.4537803332322,,0,,,,0,1,-1048.6142567703846
Romfd,781.0,14591,936.9504241994621,-341.4437273507557,-184.38878877974196,781.0,14591,936.9504241994621,-341.4437273507557,-184.38878877974196,,0,,,,0,1,-936.9504241994621
Cran (AUS),318.0,5719,877.5432475501088,-117.6600543496595,-86.03896060623913,318.0,5719,877.5432475501088,-117.6600543496595,-86.03896060623913,,0,,,,0,1,-877.5432475501088
Swin,542.0,7792,502.00715764231006,-222.57469143296424,-178.90035981365364,542.0,7792,502.00715764231006,-222.57469143296424,-178.90035981365364,,0,,,,0,1,-502.00715764231006
APrk (AUS),723.0,11570,496.88749544627825,-213.0055173137494,-155.1507004373716,723.0,11570,496.88749544627825,-213.0055173137494,-155.1507004373716,,0,,,,0,1,-496.88749544627825
Rich (AUS),460.0,7056,417.77893171909284,-213.52255497935346,-141.66461353128875,460.0,7056,417.77893171909284,-213.52255497935346,-141.66461353128875,,0,,,,0,1,-417.77893171909284
Hoba (AUS),174.0,2671,387.67516868654894,-136.22223561357274,-117.63824797216151,174.0,2671,387.67516868654894,-136.22223561357274,-117.63824797216151,,0,,,,0,1,-387.67516868654894
Ipsw (AUS),524.0,7867,357.1126834856959,-188.3993453123528,-111.87354261377672,524.0,7867,357.1126834856959,-188.3993453123528,-111.87354261377672,,0,,,,0,1,-357.1126834856959
Wgul (AUS),429.0,8205,325.446951360719,-160.45165981766198,-134.0121276517527,429.0,8205,325.446951360719,-160.45165981766198,-134.0121276517527,,0,,,,0,1,-325.446951360719
Rock (AUS),171.0,2519,316.35817498542735,-154.8514698813442,-82.77587795994873,171.0,2519,316.35817498542735,-154.8514698813442,-82.77587795994873,,0,,,,0,1,-316.35817498542735
Kinsl,481.0,6373,261.63453429429904,-227.51310757862078,-130.50101749222443,481.0,6373,261.63453429429904,-227.51310757862078,-130.50101749222443,,0,,,,0,1,-261.63453429429904
AnPk (AUS),469.0,6777,232.7471269326187,-278.4325761910918,-128.46620587647047,469.0,6777,232.7471269326187,-278.4325761910918,-128.46620587647047,,0,,,,0,1,-232.7471269326187
Hatr (NZL),85.0,1414,201.87678107289557,-83.18614875879727,-58.314478674990276,85.0,1414,201.87678107289557,-83.18614875879727,-58.314478674990276,,0,,,,0,1,-201.87678107289557
Towc,145.0,2396,197.0017124582182,-106.10302680585534,-87.89913655788976,145.0,2396,197.0017124582182,-106.10302680585534,-87.89913655788976,,0,,,,0,1,-197.0017124582182
Lism (AUS),188.0,2509,195.3166064366406,-110.60998638486475,-83.9719932144917,188.0,2509,195.3166064366406,-110.60998638486475,-83.9719932144917,,0,,,,0,1,-195.3166064366406
Town (AUS),251.0,4089,182.95754584021262,-164.98768807060142,-82.23604850250561,251.0,4089,182.95754584021262,-164.98768807060142,-82.23604850250561,,0,,,,0,1,-182.95754584021262
Casi (AUS),170.0,2438,173.85887947547252,-134.59310289300598,-119.8593483056641,170.0,2438,173.85887947547252,-134.59310289300598,-119.8593483056641,,0,,,,0,1,-173.85887947547252
Goul (AUS),257.0,3237,142.28623547116575,-144.86353674742995,-118.82565162200481,257.0,3237,142.28623547116575,-144.86353674742995,-118.82565162200481,,0,,,,0,1,-142.28623547116575
Sund,636.0,9970,140.85412708232008,-253.37306693588803,-149.43980343240054,636.0,9970,140.85412708232008,-253.37306693588803,-149.43980343240054,,0,,,,0,1,-140.85412708232008
Trar (AUS),85.0,1838,136.34563753703148,-81.6811915604447,-81.6811915604447,85.0,1838,136.34563753703148,-81.6811915604447,-81.6811915604447,,0,,,,0,1,-136.34563753703148
Wagg (AUS),107.0,1704,128.6042492238357,-135.61673014698752,-128.11673014698752,107.0,1704,128.6042492238357,-135.61673014698752,-128.11673014698752,,0,,,,0,1,-128.6042492238357
Henl,872.0,14594,117.03129712450337,-395.3656926094577,-123.07837152476176,872.0,14594,117.03129712450337,-395.3656926094577,-123.07837152476176,,0,,,,0,1,-117.03129712450337
Devn (AUS),175.0,2459,109.15970929185232,-211.12424951573377,-150.80810192831103,175.0,2459,109.15970929185232,-211.12424951573377,-150.80810192831103,,0,,,,0,1,-109.15970929185232
PGran,120.0,1589,104.36214715387612,-123.68134637289046,-95.5415914329162,120.0,1589,104.36214715387612,-123.68134637289046,-95.5415914329162,,0,,,,0,1,-104.36214715387612
Gunn (AUS),76.0,1138,100.11368333103391,-88.33144578434256,-32.153562608692965,76.0,1138,100.11368333103391,-88.33144578434256,-32.153562608692965,,0,,,,0,1,-100.11368333103391
Darw (AUS),214.0,3130,99.41947554797592,-116.29696491287989,-90.25688539522486,214.0,3130,99.41947554797592,-116.29696491287989,-90.25688539522486,,0,,,,0,1,-99.41947554797592
SPrk (AUS),329.0,5670,91.406071818935,-223.27024630146235,-119.02779411381273,329.0,5670,91.406071818935,-223.27024630146235,-119.02779411381273,,0,,,,0,1,-91.406071818935
Geel (AUS),376.0,6670,88.61341385038014,-314.7068001677869,-137.7267445614837,376.0,6670,88.61341385038014,-314.7068001677869,-137.7267445614837,,0,,,,0,1,-88.61341385038014
Newc,675.0,10923,53.49193622331401,-312.2292408398418,-145.7462973770003,675.0,10923,53.49193622331401,-312.2292408398418,-145.7462973770003,,0,,,,0,1,-53.49193622331401
Bath (AUS),191.0,2712,34.16589211804319,-194.84441555895938,-75.55711577530813,191.0,2712,34.16589211804319,-194.84441555895938,-75.55711577530813,,0,,,,0,1,-34.16589211804319
PBarr,618.0,9335,31.8168815927865,-369.5507668132951,-159.05502023791547,618.0,9335,31.8168815927865,-369.5507668132951,-159.05502023791547,,0,,,,0,1,-31.8168815927865
Graf (AUS),158.0,2313,30.256026131537283,-132.24288446609785,-107.73325911319762,158.0,2313,30.256026131537283,-132.24288446609785,-107.73325911319762,,0,,,,0,1,-30.256026131537283
Bund (AUS),115.0,1539,23.892293687328287,-213.79113959230205,-142.8718499346835,115.0,1539,23.892293687328287,-213.79113959230205,-142.8718499346835,,0,,,,0,1,-23.892293687328287
Capa (AUS),162.0,2350,23.19071407000905,-262.5657373543233,-167.28815550030555,162.0,2350,23.19071407000905,-262.5657373543233,-167.28815550030555,,0,,,,0,1,-23.19071407000905
Pboro,119.0,1800,23.0385046867247,-177.29756888055823,-140.23841592112677,119.0,1800,23.0385046867247,-177.29756888055823,-140.23841592112677,,0,,,,0,1,-23.0385046867247
CPark,892.0,13146,21.999040149775993,-399.9011218039926,-141.4290578232974,892.0,13146,21.999040149775993,-399.9011218039926,-141.4290578232974,,0,,,,0,1,-21.999040149775993
Gosf (AUS),155.0,2059,21.80465684643776,-107.28654100198003,-78.63152419161868,155.0,2059,21.80465684643776,-107.28654100198003,-78.63152419161868,,0,,,,0,1,-21.80465684643776
Bull (AUS),159.0,1919,19.840142565891803,-145.14209168587172,-139.55826034987172,159.0,1919,19.840142565891803,-145.14209168587172,-139.55826034987172,,0,,,,0,1,-19.840142565891803
BVue,233.0,3935,10.941947168507909,-226.00540559913554,-122.95833168894657,233.0,3935,10.941947168507909,-226.00540559913554,-122.95833168894657,,0,,,,0,1,-10.941947168507909
Mkau (NZL),53.0,744,4.549481296716188,-68.76830628884872,-46.098473879810356,53.0,744,4.549481296716188,-68.76830628884872,-46.098473879810356,,0,,,,0,1,-4.549481296716188
Poole,228.0,3562,3.065287327031143,-217.4705767457782,-108.1228611257844,228.0,3562,3.065287327031143,-217.4705767457782,-108.1228611257844,,0,,,,0,1,-3.065287327031143
Temo (AUS),35.0,502,-6.796096007172428,-56.86681744853075,-16.642388817809376,35.0,502,-6.796096007172428,-56.86681744853075,-16.642388817809376,,0,,,,0,0,6.796096007172428
WPrk (AUS),334.0,4729,-12.581066626584573,-345.76859743707354,-131.21674750668188,334.0,4729,-12.581066626584573,-345.76859743707354,-131.21674750668188,,0,,,,0,0,12.581066626584573
MGam (AUS),277.0,4315,-14.901643715519924,-310.9687926055422,-123.62489572503438,277.0,4315,-14.901643715519924,-310.9687926055422,-123.62489572503438,,0,,,,0,0,14.901643715519924
Gawl (AUS),357.0,5230,-14.964198590565758,-246.66313206758863,-209.15442039587558,357.0,5230,-14.964198590565758,-246.66313206758863,-209.15442039587558,,0,,,,0,0,14.964198590565758
Hshm (AUS),216.0,3316,-20.67600813820667,-216.27806758491795,-164.53739195377972,216.0,3316,-20.67600813820667,-216.27806758491795,-164.53739195377972,,0,,,,0,0,20.67600813820667
Camb (NZL),48.0,554,-35.40889190467697,-100.62064212478384,-101.62064212478384,48.0,554,-35.40889190467697,-100.62064212478384,-101.62064212478384,,0,,,,0,0,35.40889190467697
Addi (NZL),143.0,2750,-44.140546790914186,-260.9554113128571,-135.43890870501235,143.0,2750,-44.140546790914186,-260.9554113128571,-135.43890870501235,,0,,,,0,0,44.140546790914186
Tare (AUS),31.0,544,-48.52283796810835,-60.88259449216082,-30.5428195286832,31.0,544,-48.52283796810835,-60.88259449216082,-30.5428195286832,,0,,,,0,0,48.52283796810835
Nowr (AUS),161.0,2220,-61.79257795286398,-231.1902101017635,-114.76046902656459,161.0,2220,-61.79257795286398,-231.1902101017635,-114.76046902656459,,0,,,,0,0,61.79257795286398
Nort (AUS),73.0,1213,-69.86641648058486,-133.9568549779174,-123.85484368470554,73.0,1213,-69.86641648058486,-133.9568549779174,-123.85484368470554,,0,,,,0,0,69.86641648058486
Mait (AUS),182.0,2133,-72.64331680527752,-218.3779537935479,-89.3955232440696,182.0,2133,-72.64331680527752,-218.3779537935479,-89.3955232440696,,0,,,,0,0,72.64331680527752
Mana (NZL),45.0,600,-86.91230447630409,-111.18703859545033,-86.99001270615571,45.0,600,-86.91230447630409,-111.18703859545033,-86.99001270615571,,0,,,,0,0,86.91230447630409
Dubb (AUS),148.0,2011,-106.15529083230906,-240.5049259330868,-162.30778993560452,148.0,2011,-106.15529083230906,-240.5049259330868,-162.30778993560452,,0,,,,0,0,106.15529083230906
Gard (AUS),367.0,6171,-128.36629204184237,-443.24367096159017,-147.64782149758486,367.0,6171,-128.36629204184237,-443.24367096159017,-147.64782149758486,,0,,,,0,0,128.36629204184237
Yarm,321.0,4548,-128.78970208547963,-171.18871421938087,-121.39730629434007,321.0,4548,-128.78970208547963,-171.18871421938087,-121.39730629434007,,0,,,,0,0,128.78970208547963
Shep (AUS),419.0,7306,-137.54458181447006,-419.3257465470666,-206.4619561106267,419.0,7306,-137.54458181447006,-419.3257465470666,-206.4619561106267,,0,,,,0,0,137.54458181447006
Ball (AUS),430.0,7725,-142.49828350939003,-349.6672602289952,-135.9205808466231,430.0,7725,-142.49828350939003,-349.6672602289952,-135.9205808466231,,0,,,,0,0,142.49828350939003
Dapt (AUS),179.0,2426,-157.25562904279786,-223.59394970972212,-135.83085564438426,179.0,2426,-157.25562904279786,-223.59394970972212,-135.83085564438426,,0,,,,0,0,157.25562904279786
MBdg (AUS),216.0,2837,-181.08541652304683,-329.22824318479815,-151.13841889165008,216.0,2837,-181.08541652304683,-329.22824318479815,-151.13841889165008,,0,,,,0,0,181.08541652304683
Warr (AUS),227.0,3856,-239.9536724121395,-319.2915080321661,-121.37383714213168,227.0,3856,-239.9536724121395,-319.2915080321661,-121.37383714213168,,0,,,,0,0,239.9536724121395
Bend (AUS),398.0,6815,-254.0861606658393,-458.5153533352686,-130.3878430409486,398.0,6815,-254.0861606658393,-458.5153533352686,-130.3878430409486,,0,,,,0,0,254.0861606658393
Laun (AUS),173.0,2663,-257.59394176931,-316.9912710823046,-129.71903796844012,173.0,2663,-257.59394176931,-316.9912710823046,-129.71903796844012,,0,,,,0,0,257.59394176931
Mead (AUS),370.0,6487,-301.83383628049165,-697.9916533115936,-172.78053255676951,370.0,6487,-301.83383628049165,-697.9916533115936,-172.78053255676951,,0,,,,0,0,301.83383628049165
Nott,530.0,8438,-308.0864863117933,-492.53075709978157,-175.30486948176426,530.0,8438,-308.0864863117933,-492.53075709978157,-175.30486948176426,,0,,,,0,0,308.0864863117933
Heal (AUS),455.0,7303,-308.09290982979155,-464.268467972764,-149.14742940428852,455.0,7303,-308.09290982979155,-464.268467972764,-149.14742940428852,,0,,,,0,0,308.09290982979155
Monm,941.0,14373,-391.4626338202441,-786.6278623159611,-173.75388411057256,941.0,14373,-391.4626338202441,-786.6278623159611,-173.75388411057256,,0,,,,0,0,391.4626338202441
Donc,626.0,9455,-420.32764094683404,-480.20682248231566,-143.73914955454154,626.0,9455,-420.32764094683404,-480.20682248231566,-143.73914955454154,,0,,,,0,0,420.32764094683404
Cann (AUS),534.0,9592,-547.4564632616768,-609.3306824117827,-200.72810327313005,534.0,9592,-547.4564632616768,-609.3306824117827,-200.72810327313005,,0,,,,0,0,547.4564632616768
Mand (AUS),549.0,9748,-572.7179586666105,-845.8601270464952,-205.11788305977387,549.0,9748,-572.7179586666105,-845.8601270464952,-205.11788305977387,,0,,,,0,0,572.7179586666105
